,video name,,,,,,,,,,,,,,,,,,SUBJECTS' RESULTS,,,,,,,,,,,,,,,,,,,,,,,,,Rejected,,,,,,,,,,,,,,,,,,,,,,,,,,,,,,,,,,,,,,
,,1,2,3,4,5,6,7,8,9,10,11,12,13,14,15,16,17,18,19,20,21,22,23,24,25,26,27,28,29,30,31,32,33,34,35,36,37,38,39,,MOS,,1,2,3,4,5,6,7,8,9,10,11,12,13,14,15,16,17,18,19,20,21,22,23,24,25,26,27,28,29,30,31,32,33,34,35,36,37,38,39
1,credits.yuv,80,78,,64,100,67,,50,84,85,60,,,90,80,80,30,100,83,80,90,81,80,87,80,88,45,98,85,,96,80,67,90,89,46,95,70,90,,78.4705882352941,,,,70,,,,40,,,,,50,55,,,,,,,,,,,,,,,,,37,,,,,,,,,
,credits-4M.yuv,20,23,,50,60,29,,20,46,10,20,,,10,20,20,5,20,36,25,5,25,20,19,20,15,31,75,70,,5,70,15,15,10,25,60,36,5,,27.5,,,,40,,,,20,,,,,0,50,,,,,,,,,,,,,,,,,34,,,,,,,,,
,credits-6M.yuv,60,39,,51,40,25,,35,54,20,20,,,10,50,40,10,20,71,30,20,34,20,25,40,20,42,85,75,,34,75,25,20,15,30,85,46,10,,37.5294117647059,,,,45,,,,50,,,,,0,52,,,,,,,,,,,,,,,,,47,,,,,,,,,
,credits-7M.yuv,40,50,,49,60,20,,40,67,30,40,,,20,50,40,40,40,70,45,20,45,26,40,40,22,50,90,82,,13,80,33,30,40,35,70,48,10,,43.3823529411765,,,,48,,,,50,,,,,20,60,,,,,,,,,,,,,,,,,46,,,,,,,,,
,credits-8M.yuv,60,42,,52,60,50,,40,60,40,40,,,20,40,40,75,40,58,55,50,55,39,53,40,53,50,94,80,,26,80,58,35,35,40,75,51,15,,50.0294117647059,,,,45,,,,60,,,,,5,60,,,,,,,,,,,,,,,,,45,,,,,,,,,
,credits-9M.yuv,60,44,,53,75,49,,26,70,55,40,,,20,60,40,20,60,81,50,75,68,55,70,60,65,58,95,85,,42,85,41,45,45,50,90,56,30,,56.4117647058824,,,,45,,,,50,,,,,5,65,,,,,,,,,,,,,,,,,52,,,,,,,,,
,credits-10M.yuv,60,53,,55,40,48,,40,74,50,50,,,29,60,60,60,80,68,75,50,66,39,85,60,50,70,91,80,,53,85,54,40,50,52,90,55,45,,59.3235294117647,,,,50,,,,80,,,,,20,60,,,,,,,,,,,,,,,,,55,,,,,,,,,
,credits-14M.yuv,100,58,,53,60,56,,45,74,60,80,,,30,50,60,80,60,69,70,75,70,80,93,60,70,65,95,88,,75,90,67,70,84,48,85,55,60,,68.6764705882353,,,,55,,,,70,,,,,30,75,,,,,,,,,,,,,,,,,56,,,,,,,,,
2,golf.yuv,100,70,,63,80,56,,70,87,80,80,,,89,70,60,90,100,82,90,95,90,65,89,80,80,64,98,80,,97,95,67,80,89,55,83,70,90,,80.4117647058824,,,,78,,,,40,,,,,50,73,,,,,,,,,,,,,,,,,55,,,,,,,,,
,golf-1M.yuv,20,18,,43,20,10,,30,24,10,10,,,0,10,20,5,20,24,10,20,30,28,6,20,16,19,80,40,,5,40,6,5,0,20,40,40,5,,20.4117647058824,,,,40,,,,10,,,,,0,33,,,,,,,,,,,,,,,,,35,,,,,,,,,
,golf-1_5M.yuv,40,35,,46,20,29,,48,43,30,20,,,10,10,20,10,20,58,30,40,61,35,40,20,18,28,90,55,,11,65,20,10,5,25,55,49,10,,32.5294117647059,,,,55,,,,30,,,,,10,40,,,,,,,,,,,,,,,,,42,,,,,,,,,
,golf-2M.yuv,60,50,,53,40,35,,55,51,40,30,,,10,30,20,20,40,54,50,70,69,40,70,40,23,37,95,60,,22,75,28,20,10,40,70,47,15,,43.2058823529412,,,,60,,,,20,,,,,20,40,,,,,,,,,,,,,,,,,46,,,,,,,,,
,golf-2_5M.yuv,80,47,,49,20,39,,50,65,45,20,,,20,30,40,40,80,48,55,60,67,48,65,40,36,53,94,70,,38,75,30,35,15,30,77,47,25,,48.0294117647059,,,,60,,,,50,,,,,20,40,,,,,,,,,,,,,,,,,44,,,,,,,,,
,golf-3M.yuv,40,53,,49,60,43,,68,60,55,50,,,49,40,40,30,60,56,60,70,79,29,79,60,33,49,96,75,,46,85,41,40,30,45,85,56,50,,54.7352941176471,,,,70,,,,60,,,,,40,51,,,,,,,,,,,,,,,,,45,,,,,,,,,
,golf-4M.yuv,100,51,,52,40,51,,60,70,55,60,,,40,40,80,50,60,81,60,70,80,60,87,60,40,67,97,78,,59,80,49,50,25,46,75,64,50,,61.3823529411765,,,,65,,,,60,,,,,30,51,,,,,,,,,,,,,,,,,59,,,,,,,,,
,golf-6M.yuv,60,56,,53,40,53,,65,74,65,70,,,65,60,80,70,80,78,70,85,85,67,90,60,72,57,97,78,,66,85,44,60,75,48,80,66,75,,68.5,,,,70,,,,90,,,,,30,55,,,,,,,,,,,,,,,,,61,,,,,,,,,
3,show.yuv,100,70,,58,100,71,,45,91,75,40,,,79,60,60,80,40,80,90,90,82,66,90,60,80,65,95,80,,95,90,77,80,83,72,85,60,90,,75.8529411764706,,,,50,,,,30,,,,,70,55,,,,,,,,,,,,,,,,,50,,,,,,,,,
,show410_2M.yuv,0,21,,45,40,33,,28,53,10,20,,,10,10,0,10,20,38,20,10,20,10,29,0,15,35,80,60,,6,50,29,20,0,30,60,42,5,,25.2647058823529,,,,20,,,,40,,,,,10,32,,,,,,,,,,,,,,,,,31,,,,,,,,,
,show410_3M.yuv,40,39,,50,60,38,,34,65,30,20,,,10,10,20,20,60,48,20,20,23,20,50,20,25,43,85,70,,16,60,31,30,5,40,70,40,15,,36.0882352941176,,,,40,,,,40,,,,,5,41,,,,,,,,,,,,,,,,,35,,,,,,,,,
,show410_4M.yuv,20,47,,47,60,60,,44,69,35,40,,,20,20,40,40,40,40,30,50,55,13,75,20,30,48,90,77,,24,85,45,35,10,50,80,48,25,,44.4705882352941,,,,30,,,,70,,,,,5,40,,,,,,,,,,,,,,,,,37,,,,,,,,,
,show410_8M.yuv,60,54,,54,75,80,,42,73,50,40,,,40,50,80,30,60,78,70,40,72,62,59,20,70,60,92,80,,44,75,65,60,50,55,80,53,70,,60.0882352941177,,,,50,,,,60,,,,,30,50,,,,,,,,,,,,,,,,,46,,,,,,,,,
,show410_10M.yuv,60,51,,50,75,55,,44,72,40,60,,,49,50,60,46,80,59,70,60,64,45,80,60,65,57,95,85,,33,95,75,55,30,57,90,60,50,,61.0882352941176,,,,40,,,,60,,,,,40,56,,,,,,,,,,,,,,,,,39,,,,,,,,,
,show410_14M.yuv,80,65,,53,80,67,,60,82,55,60,,,50,40,60,70,100,72,90,75,80,61,73,60,72,72,97,87,,73,70,73,75,70,60,82,70,65,,70.5588235294118,,,,45,,,,80,,,,,10,52,,,,,,,,,,,,,,,,,47,,,,,,,,,
,show410_22M.yuv,100,45,,55,75,53,,44,78,60,40,,,45,60,40,30,60,61,60,70,74,30,89,40,60,52,96,85,,57,70,67,40,65,65,90,60,55,,60.9117647058824,,,,45,,,,40,,,,,70,60,,,,,,,,,,,,,,,,,39,,,,,,,,,
4,standing.yuv,40,80,,55,90,45,,54,80,60,40,,,90,60,40,90,80,56,75,70,74,70,80,80,73,55,93,77,,99,95,43,60,89,60,95,70,80,,70.5294117647059,,,,65,,,,50,,,,,60,40,,,,,,,,,,,,,,,,,18,,,,,,,,,
,standing423_0-75M.yuv,20,25,,45,20,17,,32,51,25,3,,,0,10,20,10,20,31,20,10,38,14,20,20,15,26,75,45,,3,35,23,10,10,30,65,40,10,,24.6470588235294,,,,35,,,,20,,,,,0,30,,,,,,,,,,,,,,,,,20,,,,,,,,,
,standing423_1-25M.yuv,20,13,,42,20,41,,40,54,20,30,,,10,10,20,20,40,50,35,40,54,24,34,20,30,40,87,60,,11,45,33,20,45,35,70,45,20,,34.6470588235294,,,,45,,,,60,,,,,20,41,,,,,,,,,,,,,,,,,34,,,,,,,,,
,standing423_2M.yuv,60,49,,48,50,31,,47,58,40,20,,,20,40,60,35,60,55,40,30,56,38,50,40,48,48,91,65,,23,70,38,30,40,40,75,56,25,,46.3529411764706,,,,57,,,,40,,,,,50,51,,,,,,,,,,,,,,,,,40,,,,,,,,,
,standing423_3M.yuv,40,38,,54,60,38,,48,62,30,50,,,40,40,60,45,40,69,50,50,56,41,74,40,50,58,93,70,,36,80,51,40,50,48,80,57,35,,52.1470588235294,,,,50,,,,70,,,,,50,51,,,,,,,,,,,,,,,,,39,,,,,,,,,
,standing423_5M.yuv,80,60,,53,75,47,,50,65,65,30,,,50,30,40,70,60,74,50,70,71,55,66,60,67,62,93,68,,59,90,54,50,60,45,77,67,60,,60.9705882352941,,,,60,,,,60,,,,,50,51,,,,,,,,,,,,,,,,,38,,,,,,,,,
,standing423_6M.yuv,100,58,,50,70,48,,52,70,60,30,,,55,40,60,65,60,73,65,60,69,43,60,60,64,69,92,75,,63,85,34,55,55,50,85,60,70,,61.9117647058824,,,,55,,,,70,,,,,60,49,,,,,,,,,,,,,,,,,41,,,,,,,,,
,standing423_8M.yuv,60,46,,60,80,63,,52,74,70,60,,,60,50,60,60,80,76,65,70,73,59,80,60,68,65,94,73,,45,90,48,55,80,55,90,64,75,,66.4705882352941,,,,60,,,,60,,,,,70,53,,,,,,,,,,,,,,,,,29,,,,,,,,,
5,concert.yuv,60,70,75,83,62,75,64,60,80,77,74,90,65,75,60,80,80,80,,74,58,80,100,80,63,75,68,70,67,,,,,,,,,,,,73.0357142857143,,,,,,,,,,,,,,,,,,,,66,,,,,,,,,,,,,,,,,,,,
,concert-4M.yuv,20,27,40,50,35,30,44,15,20,43,16,40,40,20,60,10,45,20,,20,15,26,0,45,26,19,27,7,15,,,,,,,,,,,,27.6785714285714,,,,,,,,,,,,,,,,,,,,42,,,,,,,,,,,,,,,,,,,,
,concert-8M.yuv,40,44,65,50,42,45,47,29,40,57,29,50,60,40,60,40,59,60,,31,16,49,40,55,28,27,30,17,25,,,,,,,,,,,,41.9642857142857,,,,,,,,,,,,,,,,,,,,60,,,,,,,,,,,,,,,,,,,,
,concert-10M.yuv,40,44,50,50,26,60,48,29,60,54,48,60,50,30,30,10,57,40,,36,8,42,20,60,31,40,37,12,20,,,,,,,,,,,,39,,,,,,,,,,,,,,,,,,,,62,,,,,,,,,,,,,,,,,,,,
,concert-14M.yuv,30,41,65,50,58,30,45,20,40,56,33,55,44,40,30,10,50,20,,30,20,46,20,60,35,57,52,32,22,,,,,,,,,,,,38.9642857142857,,,,,,,,,,,,,,,,,,,,48,,,,,,,,,,,,,,,,,,,,
,concert-18M.yuv,50,56,65,64,56,55,50,40,80,59,37,75,45,55,60,40,57,40,,60,52,55,20,65,40,46,67,41,35,,,,,,,,,,,,52.3214285714286,,,,,,,,,,,,,,,,,,,,56,,,,,,,,,,,,,,,,,,,,
,concert-24M.yuv,50,56,70,76,78,65,56,54,60,71,73,80,60,80,71,70,60,60,,65,41,67,89,75,46,70,57,51,40,,,,,,,,,,,,63.9642857142857,,,,,,,,,,,,,,,,,,,,64,,,,,,,,,,,,,,,,,,,,
,concert-30M.yuv,60,69,70,70,50,80,62,58,60,76,50,80,61,60,60,50,70,60,,70,38,72,60,70,57,66,54,47,53,,,,,,,,,,,,61.8928571428572,,,,,,,,,,,,,,,,,,,,75,,,,,,,,,,,,,,,,,,,,
6,foot.yuv,60,71,90,85,55,85,58,80,80,82,80,85,70,80,50,100,79,60,,75,44,80,80,75,66,75,73,63,75,,,,,,,,,,,,73.4285714285714,,,,,,,,,,,,,,,,,,,,53,,,,,,,,,,,,,,,,,,,,
,foot-4M.yuv,10,25,40,8,17,20,41,29,20,15,15,20,29,10,20,5,32,20,,25,6,22,0,30,20,9,30,6,20,,,,,,,,,,,,19.4285714285714,,,,,,,,,,,,,,,,,,,,27,,,,,,,,,,,,,,,,,,,,
,foot-6M.yuv,30,46,55,10,26,45,53,35,40,40,46,35,45,30,60,20,39,20,,30,10,43,0,40,25,16,44,11,30,,,,,,,,,,,,33,,,,,,,,,,,,,,,,,,,,53,,,,,,,,,,,,,,,,,,,,
,foot-10M.yuv,30,62,80,40,32,70,59,60,20,64,45,65,58,60,70,60,61,40,,36,15,70,10,50,40,31,42,17,35,,,,,,,,,,,,47.2142857142857,,,,,,,,,,,,,,,,,,,,65,,,,,,,,,,,,,,,,,,,,
,foot-14M.yuv,20,43,90,30,44,60,60,47,60,65,67,35,51,80,70,50,62,40,,64,13,43,70,60,45,41,47,31,47,,,,,,,,,,,,51.25,,,,,,,,,,,,,,,,,,,,78,,,,,,,,,,,,,,,,,,,,
,foot-18M.yuv,40,67,80,60,73,80,66,70,60,73,80,75,51,80,72,75,62,60,,73,48,64,40,70,54,50,84,42,70,,,,,,,,,,,,64.9642857142857,,,,,,,,,,,,,,,,,,,,60,,,,,,,,,,,,,,,,,,,,
,foot-22M.yuv,40,56,65,45,32,70,60,60,20,64,47,45,50,68,60,70,40,40,,67,11,58,20,65,35,44,72,25,50,,,,,,,,,,,,49.25,,,,,,,,,,,,,,,,,,,,48,,,,,,,,,,,,,,,,,,,,
,foot-26M.yuv,50,46,80,66,74,85,66,60,60,79,80,75,58,80,80,90,76,80,,77,57,88,60,70,60,62,79,48,65,,,,,,,,,,,,69.6785714285714,,,,,,,,,,,,,,,,,,,,66,,,,,,,,,,,,,,,,,,,,
7,movie.yuv,60,86,95,90,66,75,70,79,80,81,74,90,72,86,90,70,75,60,,82,58,83,60,80,72,79,82,71,80,,,,,,,,,,,,76.6428571428571,,,,,,,,,,,,,,,,,,,,69,,,,,,,,,,,,,,,,,,,,
,movie423_2-5M.yuv,20,26,60,15,11,16,39,17,20,24,15,35,45,0,20,10,40,20,,30,6,12,0,30,25,15,28,8,10,,,,,,,,,,,,21.3214285714286,,,,,,,,,,,,,,,,,,,,28,,,,,,,,,,,,,,,,,,,,
,movie423_4M.yuv,10,34,75,16,12,30,45,24,20,35,25,40,65,0,50,5,45,20,,58,30,35,40,40,40,20,33,18,20,,,,,,,,,,,,31.6071428571429,,,,,,,,,,,,,,,,,,,,60,,,,,,,,,,,,,,,,,,,,
,movie423_7M.yuv,40,52,85,50,42,60,52,70,40,67,74,60,67,35,60,60,71,80,,72,18,40,0,45,53,28,49,25,55,,,,,,,,,,,,51.7857142857143,,,,,,,,,,,,,,,,,,,,54,,,,,,,,,,,,,,,,,,,,
,movie423_8M.yuv,20,44,70,15,29,45,45,73,40,64,31,40,56,20,60,15,45,40,,76,15,39,20,50,58,36,60,33,40,,,,,,,,,,,,42.1071428571429,,,,,,,,,,,,,,,,,,,,72,,,,,,,,,,,,,,,,,,,,
,movie423_9M.yuv,40,63,90,49,42,90,52,43,40,67,73,75,69,35,60,60,71,60,,81,32,49,40,60,60,38,68,52,50,,,,,,,,,,,,57.4642857142857,,,,,,,,,,,,,,,,,,,,83,,,,,,,,,,,,,,,,,,,,
,movie423_10M.yuv,50,67,90,63,50,60,54,60,60,73,75,65,64,40,70,75,80,40,,75,14,67,20,55,66,52,70,47,60,,,,,,,,,,,,59.3571428571429,,,,,,,,,,,,,,,,,,,,38,,,,,,,,,,,,,,,,,,,,
,movie423_14M.yuv,40,68,90,50,58,85,56,69,60,71,74,80,56,50,90,80,76,60,,81,50,51,20,70,63,61,74,59,64,,,,,,,,,,,,64.5,,,,,,,,,,,,,,,,,,,,75,,,,,,,,,,,,,,,,,,,,
8,voile.yuv,60,73,85,70,59,80,60,53,80,77,86,95,60,80,72,100,70,80,,80,80,91,80,80,85,78,73,71,80,,,,,,,,,,,,76.3571428571429,,,,,,,,,,,,,,,,,,,,50,,,,,,,,,,,,,,,,,,,,
,voile423_2-5M.yuv,30,14,45,10,14,16,34,9,0,15,4,20,20,1,10,10,20,40,,13,10,26,0,35,11,7,23,5,5,,,,,,,,,,,,15.9642857142857,,,,,,,,,,,,,,,,,,,,18,,,,,,,,,,,,,,,,,,,,
,voile423_4M.yuv,40,25,70,20,21,25,50,20,20,25,36,25,40,10,40,15,30,20,,20,15,31,20,45,18,15,18,12,15,,,,,,,,,,,,26.4642857142857,,,,,,,,,,,,,,,,,,,,23,,,,,,,,,,,,,,,,,,,,
,voile423_6M.yuv,60,34,80,40,39,50,55,30,20,39,60,30,50,29,60,30,34,20,,38,20,26,30,50,30,19,28,27,40,,,,,,,,,,,,38.1428571428571,,,,,,,,,,,,,,,,,,,,61,,,,,,,,,,,,,,,,,,,,
,voile423_8M.yuv,50,62,85,60,54,70,57,70,20,48,53,70,60,40,70,60,53,60,,70,50,47,40,55,40,46,50,49,60,,,,,,,,,,,,55.3214285714286,,,,,,,,,,,,,,,,,,,,58,,,,,,,,,,,,,,,,,,,,
,voile423_9M.yuv,50,55,70,50,44,60,68,20,20,45,58,60,70,60,85,60,60,40,,34,43,68,50,70,48,38,57,36,50,,,,,,,,,,,,52.4642857142857,,,,,,,,,,,,,,,,,,,,52,,,,,,,,,,,,,,,,,,,,
,voile423_11M.yuv,80,73,80,60,76,80,68,61,40,55,61,80,80,70,80,50,55,60,,66,55,64,100,75,53,58,55,42,50,,,,,,,,,,,,65.25,,,,,,,,,,,,,,,,,,,,67,,,,,,,,,,,,,,,,,,,,
,voile423_12M.yuv,70,76,85,63,84,90,60,71,60,55,75,80,60,70,80,70,55,60,,54,29,48,60,60,67,63,77,55,75,,,,,,,,,,,,66.1428571428571,,,,,,,,,,,,,,,,,,,,82,,,,,,,,,,,,,,,,,,,,
9,above_marathon_250.yuv,90,80,,88,85,90,90,88,100,,,83,100,80,90,89,86,86,,,,,,,,,,,,,,,,,,,,,,,88.3333333333333,,,,80,,,,,,,80,89,,,,,,,,,,,,,,,,,,,,,,,,,,,,
,above_marathon_298-5M.yuv,10,10,,20,30,6,15,15,20,,,5,0,11,0,10,7,3,,,,,,,,,,,,,,,,,,,,,,,10.8,,,,20,,,,,,,10,15,,,,,,,,,,,,,,,,,,,,,,,,,,,,
,above_marathon_298-8M.yuv,20,20,,40,40,27,38,35,35,,,17,9,30,15,20,36,9,,,,,,,,,,,,,,,,,,,,,,,26.0666666666667,,,,50,,,,,,,29,18,,,,,,,,,,,,,,,,,,,,,,,,,,,,
,above_marathon_298-10M.yuv,32,30,,55,50,31,45,40,50,,,24,29,43,22,30,69,29,,,,,,,,,,,,,,,,,,,,,,,38.6,,,,50,,,,,,,45,24,,,,,,,,,,,,,,,,,,,,,,,,,,,,
,above_marathon_298-12M.yuv,47,35,,65,47,35,60,52,65,,,35,29,62,30,35,50,16,,,,,,,,,,,,,,,,,,,,,,,44.2,,,,50,,,,,,,37,37,,,,,,,,,,,,,,,,,,,,,,,,,,,,
,above_marathon_298-16M.yuv,49,40,,65,70,44,80,55,70,,,36,40,66,35,65,49,51,,,,,,,,,,,,,,,,,,,,,,,54.3333333333333,,,,65,,,,,,,67,38,,,,,,,,,,,,,,,,,,,,,,,,,,,,
,above_marathon_298-24M.yuv,60,60,,75,75,57,70,72,85,,,54,60,68,41,80,80,86,,,,,,,,,,,,,,,,,,,,,,,68.2,,,,70,,,,,,,62,83,,,,,,,,,,,,,,,,,,,,,,,,,,,,
,above_marathon_298-32M.yuv,68,70,,82,77,76,82,75,90,,,76,70,70,45,70,82,84,,,,,,,,,,,,,,,,,,,,,,,74.4666666666667,,,,80,,,,,,,84,81,,,,,,,,,,,,,,,,,,,,,,,,,,,,
10,captain_250.yuv,80,80,,85,90,90,90,90,80,,,85,90,80,82,95,76,85,,,,,,,,,,,,,,,,,,,,,,,85.2,,,,85,,,,,,,74,67,,,,,,,,,,,,,,,,,,,,,,,,,,,,
,captain_298-1M.yuv,10,20,,15,20,3,5,15,25,,,13,2,11,2,10,14,4,,,,,,,,,,,,,,,,,,,,,,,11.2666666666667,,,,20,,,,,,,10,11,,,,,,,,,,,,,,,,,,,,,,,,,,,,
,captain_298-3M.yuv,40,50,,65,50,36,25,54,60,,,28,60,40,9,40,42,29,,,,,,,,,,,,,,,,,,,,,,,41.8666666666667,,,,60,,,,,,,37,24,,,,,,,,,,,,,,,,,,,,,,,,,,,,
,captain_298-5M.yuv,57,60,,68,60,65,35,60,70,,,48,58,58,44,50,61,40,,,,,,,,,,,,,,,,,,,,,,,55.6,,,,90,,,,,,,66,44,,,,,,,,,,,,,,,,,,,,,,,,,,,,
,captain_298-6M.yuv,50,61,,50,72,60,30,78,75,,,63,88,51,40,70,65,56,,,,,,,,,,,,,,,,,,,,,,,60.6,,,,85,,,,,,,50,49,,,,,,,,,,,,,,,,,,,,,,,,,,,,
,captain_298-8M.yuv,60,70,,70,77,74,60,65,80,,,81,87,53,33,85,78,79,,,,,,,,,,,,,,,,,,,,,,,70.1333333333333,,,,85,,,,,,,60,65,,,,,,,,,,,,,,,,,,,,,,,,,,,,
,captain_298-12M.yuv,70,62,,79,75,85,70,85,75,,,75,85,74,70,80,86,91,,,,,,,,,,,,,,,,,,,,,,,77.4666666666667,,,,90,,,,,,,89,94,,,,,,,,,,,,,,,,,,,,,,,,,,,,
,captain_298-18M.yuv,70,55,,80,78,72,85,68,80,,,70,79,80,55,90,81,85,,,,,,,,,,,,,,,,,,,,,,,75.2,,,,75,,,,,,,84,49,,,,,,,,,,,,,,,,,,,,,,,,,,,,
11,dance_in_the_woods_250.yuv,75,80,,85,80,84,83,90,100,,,83,77,80,53,70,75,62,,,,,,,,,,,,,,,,,,,,,,,78.4666666666667,,,,57,,,,,,,63,87,,,,,,,,,,,,,,,,,,,,,,,,,,,,
,dance_in_the_woods_298-3M.yuv,20,30,,30,20,5,5,18,20,,,18,3,2,0,20,25,7,,,,,,,,,,,,,,,,,,,,,,,14.8666666666667,,,,10,,,,,,,11,6,,,,,,,,,,,,,,,,,,,,,,,,,,,,
,dance_in_the_woods_298-5M.yuv,35,40,,67,33,18,20,35,40,,,47,9,10,4,40,32,17,,,,,,,,,,,,,,,,,,,,,,,29.8,,,,40,,,,,,,36,11,,,,,,,,,,,,,,,,,,,,,,,,,,,,
,dance_in_the_woods_298-6M.yuv,40,50,,67,53,20,15,40,50,,,33,29,17,9,60,44,43,,,,,,,,,,,,,,,,,,,,,,,38,,,,30,,,,,,,40,15,,,,,,,,,,,,,,,,,,,,,,,,,,,,
,dance_in_the_woods_298-8M.yuv,45,55,,70,50,42,45,65,65,,,50,60,20,14,50,48,27,,,,,,,,,,,,,,,,,,,,,,,47.0666666666667,,,,25,,,,,,,39,47,,,,,,,,,,,,,,,,,,,,,,,,,,,,
,dance_in_the_woods_298-10M.yuv,54,60,,79,60,58,60,60,70,,,47,40,48,21,75,53,87,,,,,,,,,,,,,,,,,,,,,,,58.1333333333333,,,,48,,,,,,,50,28,,,,,,,,,,,,,,,,,,,,,,,,,,,,
,dance_in_the_woods_298-14M.yuv,70,70,,84,70,69,70,70,85,,,73,60,34,35,85,81,60,,,,,,,,,,,,,,,,,,,,,,,67.7333333333333,,,,50,,,,,,,59,56,,,,,,,,,,,,,,,,,,,,,,,,,,,,
,dance_in_the_woods_298-18M.yuv,80,75,,80,73,71,74,75,90,,,78,77,60,46,90,60,62,,,,,,,,,,,,,,,,,,,,,,,72.7333333333333,,,,55,,,,,,,72,69,,,,,,,,,,,,,,,,,,,,,,,,,,,,
12,duck_fly_250.yuv,80,70,,90,75,86,95,71,90,,,82,98,82,88,85,81,96,,,,,,,,,,,,,,,,,,,,,,,84.6,,,,90,,,,,,,69,70,,,,,,,,,,,,,,,,,,,,,,,,,,,,
,duck_fly_298-4M.yuv,10,20,,35,25,4,5,10,20,,,14,10,26,7,10,27,10,,,,,,,,,,,,,,,,,,,,,,,15.5333333333333,,,,25,,,,,,,31,8,,,,,,,,,,,,,,,,,,,,,,,,,,,,
,duck_fly_298-6M.yuv,20,20,,40,30,27,15,20,30,,,27,9,34,10,40,38,12,,,,,,,,,,,,,,,,,,,,,,,24.8,,,,35,,,,,,,40,22,,,,,,,,,,,,,,,,,,,,,,,,,,,,
,duck_fly_298-8M.yuv,25,30,,81,50,32,19,50,40,,,26,8,32,15,50,51,11,,,,,,,,,,,,,,,,,,,,,,,34.6666666666667,,,,40,,,,,,,74,72,,,,,,,,,,,,,,,,,,,,,,,,,,,,
,duck_fly_298-12M.yuv,50,30,,72,52,9,40,55,55,,,32,20,39,23,70,45,31,,,,,,,,,,,,,,,,,,,,,,,41.5333333333333,,,,40,,,,,,,53,30,,,,,,,,,,,,,,,,,,,,,,,,,,,,
,duck_fly_298-16M.yuv,45,55,,65,57,37,50,60,55,,,51,41,49,29,70,64,21,,,,,,,,,,,,,,,,,,,,,,,49.9333333333333,,,,65,,,,,,,60,75,,,,,,,,,,,,,,,,,,,,,,,,,,,,
,duck_fly_298-20M.yuv,60,60,,84,65,67,59,70,80,,,37,25,76,50,80,74,91,,,,,,,,,,,,,,,,,,,,,,,65.2,,,,60,,,,,,,76,55,,,,,,,,,,,,,,,,,,,,,,,,,,,,
,duck_fly_298-32M.yuv,60,65,,85,70,72,70,83,85,,,62,50,70,60,75,71,47,,,,,,,,,,,,,,,,,,,,,,,68.3333333333333,,,,70,,,,,,,53,85,,,,,,,,,,,,,,,,,,,,,,,,,,,,
13,fountain_man_250.yuv,90,90,100,82,90,90,,100,,96,,70,,,80,80,80,90,60,90,,,,,,,,,,,,,,,,,,,,,85.8666666666667,,,,,,,,80,,80,,91,,62,90,,,,,,,,,,,,,,,,,,,,,,,,,
,fountain_man_298-1M.yuv,5,5,10,15,15,5,,0,,2,,5,,,6,5,3,17,1,0,,,,,,,,,,,,,,,,,,,,,6.26666666666667,,,,,,,,25,,9,,8,,0,10,,,,,,,,,,,,,,,,,,,,,,,,,
,fountain_man_298-2M.yuv,30,10,20,26,30,10,,5,,10,,9,,,15,15,11,36,7,5,,,,,,,,,,,,,,,,,,,,,15.9333333333333,,,,,,,,40,,11,,15,,6,30,,,,,,,,,,,,,,,,,,,,,,,,,
,fountain_man_298-5M.yuv,40,30,40,55,50,30,,11,,22,,20,,,40,40,20,46,25,15,,,,,,,,,,,,,,,,,,,,,32.2666666666667,,,,,,,,50,,31,,46,,10,65,,,,,,,,,,,,,,,,,,,,,,,,,
,fountain_man_298-8M.yuv,65,65,60,71,55,70,,44,,45,,45,,,32,35,20,68,43,32,,,,,,,,,,,,,,,,,,,,,50,,,,,,,,60,,57,,75,,25,50,,,,,,,,,,,,,,,,,,,,,,,,,
,fountain_man_298-9M.yuv,59,60,80,68,65,50,,36,,61,,40,,,55,55,26,68,34,30,,,,,,,,,,,,,,,,,,,,,52.4666666666667,,,,,,,,65,,37,,83,,24,60,,,,,,,,,,,,,,,,,,,,,,,,,
,fountain_man_298-12M.yuv,70,40,80,63,60,50,,44,,35,,55,,,70,30,30,56,30,20,,,,,,,,,,,,,,,,,,,,,48.8666666666667,,,,,,,,70,,39,,66,,20,70,,,,,,,,,,,,,,,,,,,,,,,,,
,fountain_man_298-20M.yuv,75,80,90,65,80,60,,72,,82,,70,,,65,50,30,80,50,40,,,,,,,,,,,,,,,,,,,,,65.9333333333333,,,,,,,,65,,51,,76,,80,75,,,,,,,,,,,,,,,,,,,,,,,,,
14,group_disorder_250.yuv,83,80,98,64,85,90,,95,,95,,70,,,73,80,80,70,70,80,,,,,,,,,,,,,,,,,,,,,80.8666666666667,,,,,,,,85,,84,,77,,60,60,,,,,,,,,,,,,,,,,,,,,,,,,
,group_disorder_298-2M.yuv,15,10,10,10,25,5,,0,,4,,10,,,10,5,6,18,3,0,,,,,,,,,,,,,,,,,,,,,8.73333333333333,,,,,,,,50,,9,,18,,5,20,,,,,,,,,,,,,,,,,,,,,,,,,
,group_disorder_298-4M.yuv,40,50,50,40,35,40,,36,,17,,30,,,20,25,11,58,8,10,,,,,,,,,,,,,,,,,,,,,31.3333333333333,,,,,,,,60,,29,,36,,13,65,,,,,,,,,,,,,,,,,,,,,,,,,
,group_disorder_298-7M.yuv,60,65,69,56,40,50,,50,,30,,45,,,23,35,15,46,15,35,,,,,,,,,,,,,,,,,,,,,42.2666666666667,,,,,,,,75,,36,,64,,32,70,,,,,,,,,,,,,,,,,,,,,,,,,
,group_disorder_298-8M.yuv,60,70,98,65,50,45,,58,,35,,40,,,26,30,17,62,13,30,,,,,,,,,,,,,,,,,,,,,46.6,,,,,,,,75,,36,,52,,28,55,,,,,,,,,,,,,,,,,,,,,,,,,
,group_disorder_298-12M.yuv,70,85,95,61,65,60,,74,,62,,60,,,54,45,20,84,48,50,,,,,,,,,,,,,,,,,,,,,62.2,,,,,,,,80,,53,,67,,38,75,,,,,,,,,,,,,,,,,,,,,,,,,
,group_disorder_298-16M.yuv,70,83,100,78,70,70,,88,,55,,65,,,64,55,32,78,52,50,,,,,,,,,,,,,,,,,,,,,67.3333333333333,,,,,,,,80,,54,,75,,46,75,,,,,,,,,,,,,,,,,,,,,,,,,
,group_disorder_298-20M.yuv,83,73,95,75,70,65,,85,,85,,70,,,60,65,24,78,70,60,,,,,,,,,,,,,,,,,,,,,70.5333333333333,,,,,,,,80,,80,,85,,50,60,,,,,,,,,,,,,,,,,,,,,,,,,
15,inside_marathon_250.yuv,,100,74,90,95,80,92,,86,83,70,,100,97,,80,95,80,80,70,,,,,,,,,,,,,,,,,,,,,85.75,,70,,,,,,,75,,,,65,,,64,,,,,,55,,,,,,,,,,,,,,,,,,
,inside_marathon_298-3M.yuv,,20,15,5,55,17,20,,15,7,40,,65,2,,29,10,20,21,35,,,,,,,,,,,,,,,,,,,,,23.5,,10,,,,,,,11,,,,30,,,13,,,,,,20,,,,,,,,,,,,,,,,,,
,inside_marathon_298-4M.yuv,,30,34,10,60,20,24,,25,17,50,,70,11,,24,20,20,26,39,,,,,,,,,,,,,,,,,,,,,30,,20,,,,,,,29,,,,55,,,23,,,,,,30,,,,,,,,,,,,,,,,,,
,inside_marathon_298-6M.yuv,,40,34,25,80,39,34,,30,41,56,,80,24,,36,40,20,40,44,,,,,,,,,,,,,,,,,,,,,41.4375,,60,,,,,,,20,,,,35,,,54,,,,,,40,,,,,,,,,,,,,,,,,,
,inside_marathon_298-8M.yuv,,55,49,30,90,39,45,,40,48,53,,90,37,,61,35,40,22,51,,,,,,,,,,,,,,,,,,,,,49.0625,,40,,,,,,,31,,,,35,,,78,,,,,,50,,,,,,,,,,,,,,,,,,
,inside_marathon_298-10M.yuv,,60,49,40,90,48,50,,55,53,60,,85,48,,55,65,60,52,55,,,,,,,,,,,,,,,,,,,,,57.8125,,60,,,,,,,74,,,,60,,,45,,,,,,50,,,,,,,,,,,,,,,,,,
,inside_marathon_298-14M.yuv,,70,55,55,95,58,67,,60,58,55,,90,63,,61,70,60,46,58,,,,,,,,,,,,,,,,,,,,,63.8125,,45,,,,,,,49,,,,45,,,49,,,,,,55,,,,,,,,,,,,,,,,,,
,inside_marathon_298-16M.yuv,,80,60,65,95,56,72,,69,77,65,,85,78,,77,80,60,38,66,,,,,,,,,,,,,,,,,,,,,70.1875,,60,,,,,,,31,,,,70,,,80,,,,,,74,,,,,,,,,,,,,,,,,,
16,mobcal.yuv,70,100,73,71,73,80,65,100,89,90,100,90,72,80,75,,75,,83,49,80,95,85,90,,,,,,,,,,,,,,,,,81.1363636363636,,,,,,,,,,,,,,,,,80,,60,,,,,,,,,,,,,,,,,,,,,
,mobcal-2_25M.yuv,50,50,6,23,29,40,30,60,10,5,20,50,16,5,10,,15,,65,10,4,10,25,26,,,,,,,,,,,,,,,,,25.4090909090909,,,,,,,,,,,,,,,,,20,,54,,,,,,,,,,,,,,,,,,,,,
,mobcal-2_5M.yuv,55,70,4,25,30,50,35,40,40,10,40,60,29,10,20,,15,,65,10,10,20,30,30,,,,,,,,,,,,,,,,,31.7272727272727,,,,,,,,,,,,,,,,,40,,58,,,,,,,,,,,,,,,,,,,,,
,mobcal-3_15M.yuv,60,70,8,33,47,65,30,40,55,50,40,60,36,20,23,,40,,80,40,20,40,36,35,,,,,,,,,,,,,,,,,42.1818181818182,,,,,,,,,,,,,,,,,60,,58,,,,,,,,,,,,,,,,,,,,,
,mobcal-4M.yuv,60,75,12,28,40,70,70,60,62,30,40,80,40,30,25,,50,,75,18,20,40,40,51,,,,,,,,,,,,,,,,,46.1818181818182,,,,,,,,,,,,,,,,,80,,48,,,,,,,,,,,,,,,,,,,,,
,mobcal-5M.yuv,55,80,18,40,45,70,78,60,71,79,60,90,50,50,40,,60,,90,51,40,60,39,50,,,,,,,,,,,,,,,,,58,,,,,,,,,,,,,,,,,60,,65,,,,,,,,,,,,,,,,,,,,,
,mobcal-7M.yuv,65,85,30,65,53,75,65,80,82,82,80,85,62,40,35,,60,,80,51,50,50,61,40,,,,,,,,,,,,,,,,,62.5454545454546,,,,,,,,,,,,,,,,,80,,60,,,,,,,,,,,,,,,,,,,,,
,mobcal-10M.yuv,65,90,36,59,70,75,82,80,81,70,80,85,74,60,45,,60,,75,60,60,75,70,70,,,,,,,,,,,,,,,,,69.1818181818182,,,,,,,,,,,,,,,,,100,,56,,,,,,,,,,,,,,,,,,,,,
17,new_parkrun_250.yuv,,98,76,79,100,60,78,,83,91,60,,97,99,,69,90,80,90,60,,,,,,,,,,,,,,,,,,,,,81.875,,70,,,,,,,53,,,,80,,,74,,,,,,80,,,,,,,,,,,,,,,,,,
,new_parkrun_298-2M.yuv,,20,15,5,65,20,35,,20,19,46,,75,8,,14,30,20,20,29,,,,,,,,,,,,,,,,,,,,,27.5625,,20,,,,,,,12,,,,20,,,18,,,,,,30,,,,,,,,,,,,,,,,,,
,new_parkrun_298-4M.yuv,,40,33,20,80,38,43,,30,32,53,,85,19,,35,35,20,25,34,,,,,,,,,,,,,,,,,,,,,38.875,,50,,,,,,,44,,,,40,,,50,,,,,,58,,,,,,,,,,,,,,,,,,
,new_parkrun_298-6M.yuv,,50,43,42,75,38,49,,40,39,49,,92,60,,34,65,40,30,43,,,,,,,,,,,,,,,,,,,,,49.3125,,40,,,,,,,25,,,,35,,,54,,,,,,50,,,,,,,,,,,,,,,,,,
,new_parkrun_298-8M.yuv,,75,59,35,85,35,65,,55,50,54,,90,33,,48,70,60,39,50,,,,,,,,,,,,,,,,,,,,,56.4375,,80,,,,,,,90,,,,80,,,76,,,,,,78,,,,,,,,,,,,,,,,,,
,new_parkrun_298-10M.yuv,,65,65,70,97,47,70,,60,83,60,,95,74,,61,80,60,69,78,,,,,,,,,,,,,,,,,,,,,70.875,,71,,,,,,,69,,,,80,,,55,,,,,,80,,,,,,,,,,,,,,,,,,
,new_parkrun_298-14M.yuv,,60,50,55,97,33,55,,71,68,57,,94,90,,45,70,40,52,83,,,,,,,,,,,,,,,,,,,,,63.75,,60,,,,,,,70,,,,65,,,60,,,,,,70,,,,,,,,,,,,,,,,,,
,new_parkrun_298-20M.yuv,,73,60,45,95,50,68,,50,74,59,,90,46,,61,80,40,53,54,,,,,,,,,,,,,,,,,,,,,62.375,,65,,,,,,,69,,,,75,,,70,,,,,,75,,,,,,,,,,,,,,,,,,
18,parkrun.yuv,80,95,57,73,69,90,82,100,92,75,100,90,68,85,72,,90,,80,69,80,95,76,92,,,,,,,,,,,,,,,,,82.2727272727273,,,,,,,,,,,,,,,,,40,,80,,,,,,,,,,,,,,,,,,,,,
,parkrun-8M.yuv,50,50,4,16,8,40,30,20,15,5,20,60,22,10,20,,15,,60,11,18,20,45,40,,,,,,,,,,,,,,,,,26.3181818181818,,,,,,,,,,,,,,,,,20,,32,,,,,,,,,,,,,,,,,,,,,
,parkrun-12M.yuv,55,65,8,30,8,55,35,40,34,20,20,70,29,20,23,,50,,56,20,20,30,40,45,,,,,,,,,,,,,,,,,35.1363636363636,,,,,,,,,,,,,,,,,20,,40,,,,,,,,,,,,,,,,,,,,,
,parkrun-16M.yuv,60,70,10,34,32,65,80,40,55,29,60,70,25,40,40,,40,,75,44,30,40,46,54,,,,,,,,,,,,,,,,,47.2272727272727,,,,,,,,,,,,,,,,,20,,35,,,,,,,,,,,,,,,,,,,,,
,parkrun-18M.yuv,65,75,13,38,35,65,78,60,59,44,60,80,60,50,80,,50,,75,31,52,40,50,60,,,,,,,,,,,,,,,,,55.4545454545455,,,,,,,,,,,,,,,,,20,,54,,,,,,,,,,,,,,,,,,,,,
,parkrun-20M.yuv,67,80,16,39,29,70,65,80,49,90,80,80,38,55,47,,60,,60,46,48,40,44,65,,,,,,,,,,,,,,,,,56.7272727272727,,,,,,,,,,,,,,,,,40,,40,,,,,,,,,,,,,,,,,,,,,
,parkrun-24M.yuv,67,80,19,57,52,70,78,60,81,60,60,90,50,60,30,,65,,80,70,58,75,55,90,,,,,,,,,,,,,,,,,63.9545454545455,,,,,,,,,,,,,,,,,40,,42,,,,,,,,,,,,,,,,,,,,,
,parkrun-28M.yuv,70,85,21,59,50,80,80,60,91,50,100,90,80,70,34,,75,,78,66,70,80,61,70,,,,,,,,,,,,,,,,,69.0909090909091,,,,,,,,,,,,,,,,,40,,60,,,,,,,,,,,,,,,,,,,,,
19,rendezvous_250.yuv,87,80,95,78,80,90,,100,,98,,85,,,70,70,66,92,70,90,,,,,,,,,,,,,,,,,,,,,83.4,,,,,,,,90,,89,,78,,74,70,,,,,,,,,,,,,,,,,,,,,,,,,
,rendezvous_298-4M.yuv,25,30,1,29,10,5,,0,,2,,5,,,5,0,5,10,8,0,,,,,,,,,,,,,,,,,,,,,9,,,,,,,,55,,10,,10,,6,30,,,,,,,,,,,,,,,,,,,,,,,,,
,rendezvous_298-6M.yuv,30,35,10,36,25,20,,10,,8,,15,,,12,10,12,20,10,5,,,,,,,,,,,,,,,,,,,,,17.2,,,,,,,,60,,11,,4,,8,35,,,,,,,,,,,,,,,,,,,,,,,,,
,rendezvous_298-8M.yuv,35,43,90,47,30,25,,20,,18,,40,,,15,30,7,45,15,20,,,,,,,,,,,,,,,,,,,,,32,,,,,,,,70,,16,,38,,51,65,,,,,,,,,,,,,,,,,,,,,,,,,
,rendezvous_298-10M.yuv,59,37,50,51,40,35,,25,,30,,40,,,18,20,20,45,25,20,,,,,,,,,,,,,,,,,,,,,34.3333333333333,,,,,,,,80,,30,,29,,20,40,,,,,,,,,,,,,,,,,,,,,,,,,
,rendezvous_298-14M.yuv,64,45,60,57,40,44,,40,,42,,60,,,41,40,29,50,30,40,,,,,,,,,,,,,,,,,,,,,45.4666666666667,,,,,,,,80,,32,,43,,50,60,,,,,,,,,,,,,,,,,,,,,,,,,
,rendezvous_298-18M.yuv,75,55,100,68,50,45,,69,,65,,65,,,34,45,30,62,35,50,,,,,,,,,,,,,,,,,,,,,56.5333333333333,,,,,,,,80,,40,,55,,62,70,,,,,,,,,,,,,,,,,,,,,,,,,
,rendezvous_298-24M.yuv,80,73,100,88,75,75,,70,,87,,85,,,66,50,51,70,40,70,,,,,,,,,,,,,,,,,,,,,72,,,,,,,,90,,80,,64,,40,60,,,,,,,,,,,,,,,,,,,,,,,,,
20,shields.yuv,65,80,62,77,63,90,80,60,90,89,100,80,48,87,57,,85,,90,59,80,95,75,93,,,,,,,,,,,,,,,,,77.5,,,,,,,,,,,,,,,,,60,,45,,,,,,,,,,,,,,,,,,,,,
,shields-2_25M.yuv,55,60,2,16,12,50,39,20,5,6,20,50,11,10,10,,35,,55,10,8,20,36,50,,,,,,,,,,,,,,,,,26.3636363636364,,,,,,,,,,,,,,,,,20,,45,,,,,,,,,,,,,,,,,,,,,
,shields-3M.yuv,60,70,8,26,27,60,30,40,10,20,40,60,25,20,18,,40,,70,19,4,20,41,55,,,,,,,,,,,,,,,,,34.6818181818182,,,,,,,,,,,,,,,,,40,,28,,,,,,,,,,,,,,,,,,,,,
,shields-4M.yuv,75,70,18,33,18,65,33,80,16,36,60,70,61,20,15,,55,,60,20,18,35,39,60,,,,,,,,,,,,,,,,,43.5,,,,,,,,,,,,,,,,,40,,50,,,,,,,,,,,,,,,,,,,,,
,shields-5M.yuv,62,70,22,35,31,75,54,80,24,33,80,75,83,30,25,,60,,72,20,30,35,41,70,,,,,,,,,,,,,,,,,50.3181818181818,,,,,,,,,,,,,,,,,40,,50,,,,,,,,,,,,,,,,,,,,,
,shields-6M.yuv,78,80,38,36,29,85,72,100,62,10,80,85,67,40,45,,60,,90,20,25,55,45,75,,,,,,,,,,,,,,,,,58.0454545454546,,,,,,,,,,,,,,,,,40,,43,,,,,,,,,,,,,,,,,,,,,
,shields-7M.yuv,78,80,31,47,42,85,75,80,77,60,80,80,29,60,46,,75,,95,74,38,70,50,80,,,,,,,,,,,,,,,,,65.0909090909091,,,,,,,,,,,,,,,,,40,,30,,,,,,,,,,,,,,,,,,,,,
,shields-8M.yuv,63,80,27,66,36,85,80,100,68,71,80,80,42,60,70,,65,,90,32,58,60,50,75,,,,,,,,,,,,,,,,,65.3636363636364,,,,,,,,,,,,,,,,,20,,60,,,,,,,,,,,,,,,,,,,,,
21,stockholm_travel_250.yuv,,100,86,77,95,50,78,,80,82,57,,97,100,,79,80,80,64,74,,,,,,,,,,,,,,,,,,,,,79.9375,,80,,,,,,,50,,,,85,,,83,,,,,,60,,,,,,,,,,,,,,,,,,
,stockholm_travel_298-1M.yuv,,20,23,5,60,32,34,,9,12,43,,55,5,,16,5,20,10,30,,,,,,,,,,,,,,,,,,,,,23.6875,,20,,,,,,,10,,,,20,,,18,,,,,,20,,,,,,,,,,,,,,,,,,
,stockholm_travel_298-4M.yuv,,50,51,66,70,37,56,,30,42,50,,90,22,,38,40,40,32,40,,,,,,,,,,,,,,,,,,,,,47.125,,40,,,,,,,29,,,,30,,,42,,,,,,58,,,,,,,,,,,,,,,,,,
,stockholm_travel_298-6M.yuv,,65,50,53,85,42,64,,40,61,55,,92,62,,55,75,60,57,68,,,,,,,,,,,,,,,,,,,,,61.5,,80,,,,,,,51,,,,70,,,60,,,,,,75,,,,,,,,,,,,,,,,,,
,stockholm_travel_298-8M.yuv,,62,59,58,90,43,67,,33,52,56,,91,92,,44,60,40,86,43,,,,,,,,,,,,,,,,,,,,,61,,71,,,,,,,46,,,,55,,,64,,,,,,62,,,,,,,,,,,,,,,,,,
,stockholm_travel_298-10M.yuv,,70,62,60,90,56,53,,60,63,63,,96,51,,60,80,60,36,67,,,,,,,,,,,,,,,,,,,,,64.1875,,90,,,,,,,65,,,,80,,,69,,,,,,80,,,,,,,,,,,,,,,,,,
,stockholm_travel_298-16M.yuv,,75,44,55,85,56,60,,44,74,55,,94,37,,75,60,80,70,46,,,,,,,,,,,,,,,,,,,,,63.125,,50,,,,,,,45,,,,50,,,77,,,,,,70,,,,,,,,,,,,,,,,,,
,stockholm_travel_298-20M.yuv,,90,70,65,90,45,75,,46,79,62,,95,85,,57,85,60,62,65,,,,,,,,,,,,,,,,,,,,,70.6875,,60,,,,,,,70,,,,75,,,49,,,,,,90,,,,,,,,,,,,,,,,,,
22,stockholm.yuv,80,90,64,69,81,85,85,80,92,92,100,90,70,80,40,,85,,95,72,80,95,78,93,,,,,,,,,,,,,,,,,81.6363636363636,,,,,,,,,,,,,,,,,60,,55,,,,,,,,,,,,,,,,,,,,,
,stockholm-1_625M.yuv,60,70,5,14,25,50,67,20,17,6,60,50,21,10,10,,40,,75,10,6,30,36,55,,,,,,,,,,,,,,,,,33.5,,,,,,,,,,,,,,,,,40,,40,,,,,,,,,,,,,,,,,,,,,
,stockholm-1_875M.yuv,65,70,7,24,24,60,30,40,7,5,60,50,14,20,30,,45,,72,10,18,40,40,65,,,,,,,,,,,,,,,,,36.1818181818182,,,,,,,,,,,,,,,,,40,,29,,,,,,,,,,,,,,,,,,,,,
,stockholm-2_25M.yuv,67,70,12,23,24,60,65,40,17,28,60,70,22,30,37,,45,,80,35,32,40,41,70,,,,,,,,,,,,,,,,,44,,,,,,,,,,,,,,,,,40,,30,,,,,,,,,,,,,,,,,,,,,
,stockholm-3M.yuv,77,80,18,42,44,65,70,60,37,67,80,85,56,35,39,,50,,79,15,50,50,42,65,,,,,,,,,,,,,,,,,54.8181818181818,,,,,,,,,,,,,,,,,40,,50,,,,,,,,,,,,,,,,,,,,,
,stockholm-3_6M.yuv,78,90,26,49,51,75,69,60,42,60,80,80,62,40,53,,60,,79,29,55,60,43,75,,,,,,,,,,,,,,,,,59.8181818181818,,,,,,,,,,,,,,,,,40,,40,,,,,,,,,,,,,,,,,,,,,
,stockholm-4M.yuv,78,80,33,47,66,75,73,60,69,90,80,70,89,50,80,,75,,91,51,60,55,65,70,,,,,,,,,,,,,,,,,68.5,,,,,,,,,,,,,,,,,60,,70,,,,,,,,,,,,,,,,,,,,,
,stockholm-6M.yuv,79,90,43,52,64,75,78,80,73,84,80,90,64,60,86,,65,,92,51,72,65,60,75,,,,,,,,,,,,,,,,,71.7272727272727,,,,,,,,,,,,,,,,,80,,75,,,,,,,,,,,,,,,,,,,,,
23,tree_pan_250.yuv,,95,61,80,100,60,81,,75,88,63,,97,98,,79,90,60,91,83,,,,,,,,,,,,,,,,,,,,,81.3125,,85,,,,,,,90,,,,80,,,69,,,,,,90,,,,,,,,,,,,,,,,,,
,tree_pan_298-1_25M.yuv,,10,20,20,40,23,25,,20,7,45,,65,3,,6,10,20,5,35,,,,,,,,,,,,,,,,,,,,,22.125,,20,,,,,,,10,,,,15,,,12,,,,,,25,,,,,,,,,,,,,,,,,,
,tree_pan_298-1_5M.yuv,,40,42,25,65,27,31,,30,16,52,,75,12,,26,20,20,11,38,,,,,,,,,,,,,,,,,,,,,33.125,,26,,,,,,,25,,,,35,,,29,,,,,,45,,,,,,,,,,,,,,,,,,
,tree_pan_298-2M.yuv,,50,42,40,65,34,45,,40,35,54,,80,18,,28,30,40,24,40,,,,,,,,,,,,,,,,,,,,,41.5625,,31,,,,,,,29,,,,40,,,34,,,,,,50,,,,,,,,,,,,,,,,,,
,tree_pan_298-2_5M.yuv,,57,39,45,70,31,49,,60,45,51,,80,31,,28,40,40,14,45,,,,,,,,,,,,,,,,,,,,,45.3125,,40,,,,,,,30,,,,30,,,38,,,,,,70,,,,,,,,,,,,,,,,,,
,tree_pan_298-3M.yuv,,60,39,58,70,33,53,,66,54,49,,90,39,,30,55,60,19,50,,,,,,,,,,,,,,,,,,,,,51.5625,,60,,,,,,,27,,,,55,,,51,,,,,,65,,,,,,,,,,,,,,,,,,
,tree_pan_298-5M.yuv,,90,51,68,95,57,69,,69,75,61,,90,64,,86,80,80,67,78,,,,,,,,,,,,,,,,,,,,,73.75,,68,,,,,,,60,,,,65,,,80,,,,,,80,,,,,,,,,,,,,,,,,,
,tree_pan_298-8M.yuv,,87,67,67,100,52,74,,71,83,57,,95,45,,81,70,60,50,75,,,,,,,,,,,,,,,,,,,,,70.875,,83,,,,,,,70,,,,70,,,68,,,,,,82,,,,,,,,,,,,,,,,,,
24,ulriksdals_250.yuv,85,95,100,70,90,95,,94,,99,,80,,,70,80,85,79,70,90,,,,,,,,,,,,,,,,,,,,,85.4666666666667,,,,,,,,100,,93,,50,,85,90,,,,,,,,,,,,,,,,,,,,,,,,,
,ulriksdals_298-1M.yuv,40,30,10,19,30,15,,0,,5,,5,,,6,10,5,40,7,0,,,,,,,,,,,,,,,,,,,,,14.8,,,,,,,,50,,8,,13,,10,40,,,,,,,,,,,,,,,,,,,,,,,,,
,ulriksdals_298-2M.yuv,59,45,49,37,45,25,,30,,22,,30,,,9,20,11,50,10,5,,,,,,,,,,,,,,,,,,,,,29.8,,,,,,,,75,,24,,29,,6,50,,,,,,,,,,,,,,,,,,,,,,,,,
,ulriksdals_298-4M.yuv,59,50,71,60,55,40,,34,,36,,40,,,42,30,19,65,30,20,,,,,,,,,,,,,,,,,,,,,43.4,,,,,,,,75,,36,,56,,10,65,,,,,,,,,,,,,,,,,,,,,,,,,
,ulriksdals_298-6M.yuv,77,65,90,57,80,45,,69,,55,,65,,,47,40,29,65,35,50,,,,,,,,,,,,,,,,,,,,,57.9333333333333,,,,,,,,85,,70,,65,,18,82,,,,,,,,,,,,,,,,,,,,,,,,,
,ulriksdals_298-8M.yuv,75,63,80,65,75,50,,59,,44,,50,,,24,45,38,60,42,45,,,,,,,,,,,,,,,,,,,,,54.3333333333333,,,,,,,,80,,49,,45,,20,70,,,,,,,,,,,,,,,,,,,,,,,,,
,ulriksdals_298-12M.yuv,80,58,91,54,65,57,,51,,62,,50,,,38,35,27,71,38,40,,,,,,,,,,,,,,,,,,,,,54.4666666666667,,,,,,,,85,,77,,47,,14,80,,,,,,,,,,,,,,,,,,,,,,,,,
,ulriksdals_298-16M.yuv,90,82,98,74,85,70,,88,,92,,80,,,63,65,50,70,50,80,,,,,,,,,,,,,,,,,,,,,75.8,,,,,,,,90,,80,,78,,40,85,,,,,,,,,,,,,,,,,,,,,,,,,
